Workbook

Sheet Radar_Traces
A1: trace_id | B1: sol | C1: timestamp_s | D1: pos_x_m | E1: pos_y_m | F1: along_track_m | G1: twt_ns | H1: amplitude_dB | I1: permittivity | J1: ice_thickness_m | K1: tid_krad | L1: quality_flag
A2: TR-0001 | B2: 1 | C2: 94.4 | D2: 93.8 | E2: -7.1 | F2: 94 | G2: 21647.3 | H2: -41.62 | I2: 3.0624 | J2: =((300000000*G2*0.000000001)/(2*SQRT(I2))) -> 1855.5132 | K2: 0.542 | L2: NOMINAL
A3: TR-0002 | B3: 1 | C3: 177.5 | D3: 185.5 | E3: -3.2 | F3: 185.8 | G3: 169839.5 | H3: -45.53 | I3: 3.0961 | J3: =((300000000*G3*0.000000001)/(2*SQRT(I3))) -> 14478.463 | K3: 0.577 | L3: NOMINAL
A4: TR-0003 | B4: 1 | C4: 284 | D4: 296.4 | E4: 11.4 | F4: 297.7 | G4: 164535.9 | H4: -25.34 | I4: 3.1901 | J4: =((300000000*G4*0.000000001)/(2*SQRT(I4))) -> 13818.146 | K4: 0.735 | L4: NOMINAL
A5: TR-0004 | B5: 1 | C5: 397.3 | D5: 382.9 | E5: 7 | F5: 384.3 | G5: 131950.8 | H5: -31.93 | I5: 3.3418 | J5: =((300000000*G5*0.000000001)/(2*SQRT(I5))) -> 10827.123 | K5: 0.817 | L5: NOISE_FLOOR
A6: TR-0005 | B6: 1 | C6: 502.7 | D6: 484.3 | E6: -0.6 | F6: 486 | G6: 95357.8 | H6: -49.2 | I6: 3.4627 | J6: =((300000000*G6*0.000000001)/(2*SQRT(I6))) -> 7686.7021 | K6: 0.999 | L6: NOMINAL
A7: TR-0006 | B7: 1 | C7: 591.5 | D7: 577.3 | E7: 7.4 | F7: 579.3 | G7: 23845.1 | H7: -27.13 | I7: 3.4025 | J7: =((300000000*G7*0.000000001)/(2*SQRT(I7))) -> 1939.0604 | K7: 1.09 | L7: NOMINAL
A8: TR-0007 | B8: 1 | C8: 674.2 | D8: 693.8 | E8: 9.4 | F8: 695.8 | G8: 140352.9 | H8: -51.49 | I8: 3.2496 | J8: =((300000000*G8*0.000000001)/(2*SQRT(I8))) -> 11678.786 | K8: 1.258 | L8: NOMINAL
A9: TR-0008 | B9: 1 | C9: 779.9 | D9: 779.5 | E9: -1.4 | F9: 782.2 | G9: 145118.1 | H9: -38.44 | I9: 3.3735 | J9: =((300000000*G9*0.000000001)/(2*SQRT(I9))) -> 11851.477 | K9: 1.333 | L9: NOMINAL
A10: TR-0009 | B10: 1 | C10: 883.2 | D10: 874 | E10: 13.5 | F10: 877.9 | G10: 38346.4 | H10: -40.26 | I10: 3.3779 | J10: =((300000000*G10*0.000000001)/(2*SQRT(I10))) -> 3129.6262 | K10: 1.496 | L10: NOMINAL
A11: TR-0010 | B11: 1 | C11: 969.3 | D11: 960.4 | E11: 18.9 | F11: 964.5 | G11: 118968 | H11: -44.61 | I11: 3.2979 | J11: =((300000000*G11*0.000000001)/(2*SQRT(I11))) -> 9826.5864 | K11: 1.577 | L11: CLUTTER
A12: TR-0011 | B12: 1 | C12: 1059.4 | D12: 1062.5 | E12: 32.2 | F12: 1067.4 | G12: 133729.9 | H12: -55.42 | I12: 3.4424 | J12: =((300000000*G12*0.000000001)/(2*SQRT(I12))) -> 10811.579 | K12: 1.725 | L12: NOMINAL
A13: TR-0012 | B13: 1 | C13: 1170.1 | D13: 1156.1 | E13: 26 | F13: 1161.3 | G13: 41835.8 | H13: -59.87 | I13: 3.361 | J13: =((300000000*G13*0.000000001)/(2*SQRT(I13))) -> 3422.9857 | K13: 1.842 | L13: NOMINAL
... A41: TR-0040 | B41: 2 | C41: 3949.6 | D41: 3826.3 | E41: -41.4 | F41: 3842.2 | G41: 111244.4 | H41: -42.81 | I41: 3.0209 | J41: =((300000000*G41*0.000000001)/(2*SQRT(I41))) -> 9600.6634 | K41: 5.166 | L41: NOMINAL

Sheet Localization_Log
A1: trace_id | B1: sol | C1: timestamp_s | D1: pos_x_m | E1: pos_y_m | F1: heading_deg | G1: uncertainty_1sigma_m | H1: loc_error_flag
A2: TR-0001 | B2: 1 | C2: 117.3 | D2: 118.9 | E2: -13.8 | F2: 87.16 | G2: 0.343 | H2: FALSE
A3: TR-0002 | B3: 1 | C3: 224 | D3: 213 | E3: -12 | F3: 97.49 | G3: 0.469 | H3: TRUE
A4: TR-0003 | B4: 1 | C4: 334 | D4: 330.1 | E4: -19.9 | F4: 83.25 | G4: 0.394 | H4: FALSE
A5: TR-0004 | B5: 1 | C5: 421.1 | D5: 426.6 | E5: -29.5 | F5: 98.49 | G5: 0.386 | H5: FALSE
A6: TR-0005 | B6: 1 | C6: 517.5 | D6: 533.4 | E6: -22.5 | F6: 84.96 | G6: 0.118 | H6: FALSE
A7: TR-0006 | B7: 1 | C7: 625.6 | D7: 628.7 | E7: -36.3 | F7: 89.41 | G7: 0.136 | H7: FALSE
A8: TR-0007 | B8: 1 | C8: 742.3 | D8: 722.6 | E8: -26.7 | F8: 97.43 | G8: 0.146 | H8: FALSE
A9: TR-0008 | B9: 1 | C9: 848.7 | D9: 818.6 | E9: -33.3 | F9: 81.39 | G9: 0.383 | H9: FALSE
A10: TR-0009 | B10: 1 | C10: 942.8 | D10: 919 | E10: -28 | F10: 96.87 | G10: 0.192 | H10: FALSE
A11: TR-0010 | B11: 1 | C11: 1023.9 | D11: 1034 | E11: -35.1 | F11: 91.61 | G11: 0.473 | H11: TRUE
A12: TR-0011 | B12: 1 | C12: 1105.4 | D12: 1137.9 | E12: -39.7 | F12: 95.73 | G12: 0.238 | H12: FALSE
A13: TR-0012 | B13: 1 | C13: 1224.8 | D13: 1222.5 | E13: -27.8 | F13: 83.8 | G13: 0.069 | H13: FALSE
... A41: TR-0040 | B41: 2 | C41: 4035.1 | D41: 4146.7 | E41: -17.2 | F41: 88.57 | G41: 0.423 | H41: FALSE

Sheet Terrain_and_Health
A1: trace_id | B1: sol | C1: slope_deg | D1: roughness_index | E1: surface_temp_K | F1: tid_accum_krad | G1: radar_noise_floor_dB | H1: link_packet_loss_pct
A2: TR-0001 | B2: 1 | C2: 4.54 | D2: 0.308 | E2: 91.5 | F2: 0.145 | G2: -71.56 | H2: 35.2
A3: TR-0002 | B3: 1 | C3: 6.96 | D3: 0.861 | E3: 93.4 | F3: 0.328 | G3: -68.24 | H3: 30
A4: TR-0003 | B4: 1 | C4: 1.3 | D4: 0.862 | E4: 89.5 | F4: 0.435 | G4: -56.07 | H4: 1.6
A5: TR-0004 | B5: 1 | C5: 0.78 | D5: 0.298 | E5: 101.8 | F5: 0.597 | G5: -74.04 | H5: 18.9
A6: TR-0005 | B6: 1 | C6: 2.86 | D6: 0.858 | E6: 94.3 | F6: 0.723 | G6: -70.78 | H6: 24.2
A7: TR-0006 | B7: 1 | C7: 24.09 | D7: 0.675 | E7: 100.6 | F7: 0.839 | G7: -72.22 | H7: 23.1
A8: TR-0007 | B8: 1 | C8: 23.22 | D8: 0.561 | E8: 103.2 | F8: 0.977 | G8: -56.46 | H8: 7.9
A9: TR-0008 | B9: 1 | C9: 14.8 | D9: 0.764 | E9: 89.9 | F9: 1.147 | G9: -72.46 | H9: 27.4
A10: TR-0009 | B10: 1 | C10: 20.14 | D10: 0.737 | E10: 96.3 | F10: 1.251 | G10: -66.68 | H10: 26.5
A11: TR-0010 | B11: 1 | C11: 1.72 | D11: 0.618 | E11: 85.3 | F11: 1.393 | G11: -67.74 | H11: 17.3
A12: TR-0011 | B12: 1 | C12: 9.05 | D12: 0.813 | E12: 94.2 | F12: 1.508 | G12: -75.6 | H12: 20.9
A13: TR-0012 | B13: 1 | C13: 16.26 | D13: 0.593 | E13: 103.4 | F13: 1.685 | G13: -68.38 | H13: 33
... A41: TR-0040 | B41: 2 | C41: 4.02 | D41: 0.429 | E41: 94.9 | F41: 5.953 | G41: -69.99 | H41: 30.4

Sheet Daily_Summary
A1: sol | B1: traverse_dist_m | C1: valid_traces | D1: bad_traces | E1: min_ice_thickness_m | F1: candidate_sites | G1: mean_packet_loss_pct | H1: mean_consensus_time_min
A2: 1 | B2: =MAX(Radar_Traces!F2:F21)-MIN(Radar_Traces!F2:F21) -> 1841.6 | C2: =COUNTIF(Radar_Traces!L2:L21,"NOMINAL") -> 16 | D2: =COUNTIF(Radar_Traces!L2:L21,"CLUTTER")+COUNTIF(Radar_Traces!L2:L21,"NOISE_FLOOR")+COUNTIF(Radar_Traces!L2:L21,"INVALID") -> 4 | E2: =AVERAGEIF(Radar_Traces!L2:L21,"NOMINAL",Radar_Traces!J2:J21) -> 7754.3436 | F2: =COUNTIFS(Radar_Traces!L2:L21,"NOMINAL",Radar_Traces!J2:J21,"<5000",Terrain_and_Health!C2:C21,"<20",Terrain_and_Health!D2:D21,"<0.7") -> 4 | G2: =AVERAGE(Terrain_and_Health!H2:H21) -> 19.845 | H2: =2+0.2*G2 -> 5.969
A3: 2 | B3: =MAX(Radar_Traces!F22:F41)-MIN(Radar_Traces!F22:F41) -> 1804.8 | C3: =COUNTIF(Radar_Traces!L22:L41,"NOMINAL") -> 16 | D3: =COUNTIF(Radar_Traces!L22:L41,"CLUTTER")+COUNTIF(Radar_Traces!L22:L41,"NOISE_FLOOR")+COUNTIF(Radar_Traces!L22:L41,"INVALID") -> 4 | E3: =AVERAGEIF(Radar_Traces!L22:L41,"NOMINAL",Radar_Traces!J22:J41) -> 9750.0384 | F3: =COUNTIFS(Radar_Traces!L22:L41,"NOMINAL",Radar_Traces!J22:J41,"<5000",Terrain_and_Health!C22:C41,"<20",Terrain_and_Health!D22:D41,"<0.7") -> 1 | G3: =AVERAGE(Terrain_and_Health!H22:H41) -> 19.795 | H3: =2+0.2*G3 -> 5.959

Sheet Units
A1: column | B1: units | C1: notes
A2: trace_id | B2: — | C2: unique trace identifier
A3: sol | B3: sol index | C3: sol number since landing
A4: timestamp_s | B4: s | C4: elapsed mission seconds
A5: pos_x_m | B5: m | C5: local ENU east coordinate
A6: pos_y_m | B6: m | C6: local ENU north coordinate
A7: along_track_m | B7: m | C7: cumulative along-track distance
A8: twt_ns | B8: ns | C8: two-way travel time to basal reflector
A9: amplitude_dB | B9: dB | C9: received signal amplitude at basal reflector
A10: permittivity | B10: — | C10: bulk ice dielectric permittivity; pure ice ≈ 3.15
A11: ice_thickness_m | B11: m | C11: derived: d = (c × twt_ns × 1e-9) / (2 × sqrt(eps_r))
A12: tid_krad | B12: krad | C12: total ionizing dose at radar electronics
... A29: mean_consensus_time_min | B29: min | C29: estimated consensus convergence: 2 + 0.2×packet_loss

Sheet Metadata
A1: field | B1: value
A2: mission_name | B2: Europa Multi-Agent Ice Characterization Mission
A3: mission_objective | B3: Autonomously characterize Europa ice shell thickness and identify an optimal cryobot insertion site without real-time Earth support
A4: destination | B4: Europa surface
A5: primary_instrument | B5: Ground-penetrating radar sounder (analogous to Europa Clipper REASON)
A6: thickness_accuracy_goal | B6: ±10% for ice depths 1–30 km (REQ.03.01)
A7: along_track_resolution_m | B7: ≤100 m
A8: localization_goal_m | B8: ±0.5 m per 50 m traverse segment (REQ.02.01)
A9: autonomy_requirement | B9: Fully autonomous; no real-time Earth uplink (REQ.01.01)
A10: radiation_design_dose | B10: ≥100 krad TID (REQ.01.02)
A11: consensus_degraded_goal | B11: <10 min convergence at 30% packet loss (REQ.04.01)
A12: version | B12: v1.0 (sample data)
